"Label (Grouping)","Alabama!!Total!!Estimate","Alabama!!Total!!Margin of Error","Alabama!!Mean income (dollars)!!Estimate","Alabama!!Mean income (dollars)!!Margin of Error","Alaska!!Total!!Estimate","Alaska!!Total!!Margin of Error","Alaska!!Mean income (dollars)!!Estimate","Alaska!!Mean income (dollars)!!Margin of Error","Arizona!!Total!!Estimate","Arizona!!Total!!Margin of Error","Arizona!!Mean income (dollars)!!Estimate","Arizona!!Mean income (dollars)!!Margin of Error","Arkansas!!Total!!Estimate","Arkansas!!Total!!Margin of Error","Arkansas!!Mean income (dollars)!!Estimate","Arkansas!!Mean income (dollars)!!Margin of Error","California!!Total!!Estimate","California!!Total!!Margin of Error","California!!Mean income (dollars)!!Estimate","California!!Mean income (dollars)!!Margin of Error","Colorado!!Total!!Estimate","Colorado!!Total!!Margin of Error","Colorado!!Mean income (dollars)!!Estimate","Colorado!!Mean income (dollars)!!Margin of Error","Connecticut!!Total!!Estimate","Connecticut!!Total!!Margin of Error","Connecticut!!Mean income (dollars)!!Estimate","Connecticut!!Mean income (dollars)!!Margin of Error","Delaware!!Total!!Estimate","Delaware!!Total!!Margin of Error","Delaware!!Mean income (dollars)!!Estimate","Delaware!!Mean income (dollars)!!Margin of Error","District of Columbia!!Total!!Estimate","District of Columbia!!Total!!Margin of Error","District of Columbia!!Mean income (dollars)!!Estimate","District of Columbia!!Mean income (dollars)!!Margin of Error","Florida!!Total!!Estimate","Florida!!Total!!Margin of Error","Florida!!Mean income (dollars)!!Estimate","Florida!!Mean income (dollars)!!Margin of Error","Georgia!!Total!!Estimate","Georgia!!Total!!Margin of Error","Georgia!!Mean income (dollars)!!Estimate","Georgia!!Mean income (dollars)!!Margin of Error","Hawaii!!Total!!Estimate","Hawaii!!Total!!Margin of Error","Hawaii!!Mean income (dollars)!!Estimate","Hawaii!!Mean income (dollars)!!Margin of Error","Idaho!!Total!!Estimate","Idaho!!Total!!Margin of Error","Idaho!!Mean income (dollars)!!Estimate","Idaho!!Mean income (dollars)!!Margin of Error","Illinois!!Total!!Estimate","Illinois!!Total!!Margin of Error","Illinois!!Mean income (dollars)!!Estimate","Illinois!!Mean income (dollars)!!Margin of Error","Indiana!!Total!!Estimate","Indiana!!Total!!Margin of Error","Indiana!!Mean income (dollars)!!Estimate","Indiana!!Mean income (dollars)!!Margin of Error","Iowa!!Total!!Estimate","Iowa!!Total!!Margin of Error","Iowa!!Mean income (dollars)!!Estimate","Iowa!!Mean income (dollars)!!Margin of Error","Kansas!!Total!!Estimate","Kansas!!Total!!Margin of Error","Kansas!!Mean income (dollars)!!Estimate","Kansas!!Mean income (dollars)!!Margin of Error","Kentucky!!Total!!Estimate","Kentucky!!Total!!Margin of Error","Kentucky!!Mean income (dollars)!!Estimate","Kentucky!!Mean income (dollars)!!Margin of Error","Louisiana!!Total!!Estimate","Louisiana!!Total!!Margin of Error","Louisiana!!Mean income (dollars)!!Estimate","Louisiana!!Mean income (dollars)!!Margin of Error","Maine!!Total!!Estimate","Maine!!Total!!Margin of Error","Maine!!Mean income (dollars)!!Estimate","Maine!!Mean income (dollars)!!Margin of Error","Maryland!!Total!!Estimate","Maryland!!Total!!Margin of Error","Maryland!!Mean income (dollars)!!Estimate","Maryland!!Mean income (dollars)!!Margin of Error","Massachusetts!!Total!!Estimate","Massachusetts!!Total!!Margin of Error","Massachusetts!!Mean income (dollars)!!Estimate","Massachusetts!!Mean income (dollars)!!Margin of Error","Michigan!!Total!!Estimate","Michigan!!Total!!Margin of Error","Michigan!!Mean income (dollars)!!Estimate","Michigan!!Mean income (dollars)!!Margin of Error","Minnesota!!Total!!Estimate","Minnesota!!Total!!Margin of Error","Minnesota!!Mean income (dollars)!!Estimate","Minnesota!!Mean income (dollars)!!Margin of Error","Mississippi!!Total!!Estimate","Mississippi!!Total!!Margin of Error","Mississippi!!Mean income (dollars)!!Estimate","Mississippi!!Mean income (dollars)!!Margin of Error","Missouri!!Total!!Estimate","Missouri!!Total!!Margin of Error","Missouri!!Mean income (dollars)!!Estimate","Missouri!!Mean income (dollars)!!Margin of Error","Montana!!Total!!Estimate","Montana!!Total!!Margin of Error","Montana!!Mean income (dollars)!!Estimate","Montana!!Mean income (dollars)!!Margin of Error","Nebraska!!Total!!Estimate","Nebraska!!Total!!Margin of Error","Nebraska!!Mean income (dollars)!!Estimate","Nebraska!!Mean income (dollars)!!Margin of Error","Nevada!!Total!!Estimate","Nevada!!Total!!Margin of Error","Nevada!!Mean income (dollars)!!Estimate","Nevada!!Mean income (dollars)!!Margin of Error","New Hampshire!!Total!!Estimate","New Hampshire!!Total!!Margin of Error","New Hampshire!!Mean income (dollars)!!Estimate","New Hampshire!!Mean income (dollars)!!Margin of Error","New Jersey!!Total!!Estimate","New Jersey!!Total!!Margin of Error","New Jersey!!Mean income (dollars)!!Estimate","New Jersey!!Mean income (dollars)!!Margin of Error","New Mexico!!Total!!Estimate","New Mexico!!Total!!Margin of Error","New Mexico!!Mean income (dollars)!!Estimate","New Mexico!!Mean income (dollars)!!Margin of Error","New York!!Total!!Estimate","New York!!Total!!Margin of Error","New York!!Mean income (dollars)!!Estimate","New York!!Mean income (dollars)!!Margin of Error","North Carolina!!Total!!Estimate","North Carolina!!Total!!Margin of Error","North Carolina!!Mean income (dollars)!!Estimate","North Carolina!!Mean income (dollars)!!Margin of Error","North Dakota!!Total!!Estimate","North Dakota!!Total!!Margin of Error","North Dakota!!Mean income (dollars)!!Estimate","North Dakota!!Mean income (dollars)!!Margin of Error","Ohio!!Total!!Estimate","Ohio!!Total!!Margin of Error","Ohio!!Mean income (dollars)!!Estimate","Ohio!!Mean income (dollars)!!Margin of Error","Oklahoma!!Total!!Estimate","Oklahoma!!Total!!Margin of Error","Oklahoma!!Mean income (dollars)!!Estimate","Oklahoma!!Mean income (dollars)!!Margin of Error","Oregon!!Total!!Estimate","Oregon!!Total!!Margin of Error","Oregon!!Mean income (dollars)!!Estimate","Oregon!!Mean income (dollars)!!Margin of Error","Pennsylvania!!Total!!Estimate","Pennsylvania!!Total!!Margin of Error","Pennsylvania!!Mean income (dollars)!!Estimate","Pennsylvania!!Mean income (dollars)!!Margin of Error","Rhode Island!!Total!!Estimate","Rhode Island!!Total!!Margin of Error","Rhode Island!!Mean income (dollars)!!Estimate","Rhode Island!!Mean income (dollars)!!Margin of Error","South Carolina!!Total!!Estimate","South Carolina!!Total!!Margin of Error","South Carolina!!Mean income (dollars)!!Estimate","South Carolina!!Mean income (dollars)!!Margin of Error","South Dakota!!Total!!Estimate","South Dakota!!Total!!Margin of Error","South Dakota!!Mean income (dollars)!!Estimate","South Dakota!!Mean income (dollars)!!Margin of Error","Tennessee!!Total!!Estimate","Tennessee!!Total!!Margin of Error","Tennessee!!Mean income (dollars)!!Estimate","Tennessee!!Mean income (dollars)!!Margin of Error","Texas!!Total!!Estimate","Texas!!Total!!Margin of Error","Texas!!Mean income (dollars)!!Estimate","Texas!!Mean income (dollars)!!Margin of Error","Utah!!Total!!Estimate","Utah!!Total!!Margin of Error","Utah!!Mean income (dollars)!!Estimate","Utah!!Mean income (dollars)!!Margin of Error","Vermont!!Total!!Estimate","Vermont!!Total!!Margin of Error","Vermont!!Mean income (dollars)!!Estimate","Vermont!!Mean income (dollars)!!Margin of Error","Virginia!!Total!!Estimate","Virginia!!Total!!Margin of Error","Virginia!!Mean income (dollars)!!Estimate","Virginia!!Mean income (dollars)!!Margin of Error","Washington!!Total!!Estimate","Washington!!Total!!Margin of Error","Washington!!Mean income (dollars)!!Estimate","Washington!!Mean income (dollars)!!Margin of Error","West Virginia!!Total!!Estimate","West Virginia!!Total!!Margin of Error","West Virginia!!Mean income (dollars)!!Estimate","West Virginia!!Mean income (dollars)!!Margin of Error","Wisconsin!!Total!!Estimate","Wisconsin!!Total!!Margin of Error","Wisconsin!!Mean income (dollars)!!Estimate","Wisconsin!!Mean income (dollars)!!Margin of Error","Wyoming!!Total!!Estimate","Wyoming!!Total!!Margin of Error","Wyoming!!Mean income (dollars)!!Estimate","Wyoming!!Mean income (dollars)!!Margin of Error","Puerto Rico!!Total!!Estimate","Puerto Rico!!Total!!Margin of Error","Puerto Rico!!Mean income (dollars)!!Estimate","Puerto Rico!!Mean income (dollars)!!Margin of Error"
"HOUSEHOLD INCOME","","","","","","","","","","","","","","","","","","","","","","","","","","","","","","","","","","","","","","","","","","","","","","","","","","","","","","","","","","","","","","","","","","","","","","","","","","","","","","","","","","","","","","","","","","","","","","","","","","","","","","","","","","","","","","","","","","","","","","","","","","","","","","","","","","","","","","","","","","","","","","","","","","","","","","","","","","","","","","","","","","","","","","","","","","","","","","","","","","","","","","","","","","","","","","","","","","","","","","","","","","","","","","","",""
"All households","1,822,439","±11,200","59,294","±702","246,015","±2,720","88,758","±2,357","2,400,809","±11,557","66,389","±685","1,125,899","±6,925","55,547","±819","12,650,592","±16,944","85,707","±378","2,002,800","±8,550","79,381","±754","1,339,860","±7,005","97,801","±1,502","339,071","±3,144","76,995","±1,876","271,651","±3,228","102,882","±3,025","7,211,584","±26,752","65,728","±432","3,546,965","±15,286","67,134","±645","450,120","±4,406","86,783","±1,817","588,489","±5,467","60,665","±1,365","4,783,421","±13,914","78,009","±561","2,498,395","±10,688","63,249","±646","1,236,209","±7,287","68,075","±829","1,113,729","±6,143","68,827","±1,270","1,705,623","±9,376","59,323","±837","1,728,149","±9,677","63,132","±788","547,686","±5,711","62,579","±1,107","2,161,680","±8,942","96,032","±845","2,536,321","±9,232","91,842","±876","3,832,466","±10,485","65,134","±490","2,119,954","±6,871","78,537","±697","1,091,002","±7,807","52,780","±834","2,362,853","±9,949","63,241","±594","406,288","±3,840","62,831","±1,488","730,579","±4,441","67,854","±959","1,002,571","±7,173","67,949","±1,152","519,246","±4,617","82,393","±1,700","3,176,139","±9,966","96,963","±834","753,507","±6,087","60,600","±1,036","7,219,356","±14,194","84,973","±702","3,757,480","±13,443","64,106","±524","298,298","±2,835","73,806","±1,775","4,564,745","±13,440","65,129","±488","1,447,277","±6,526","62,014","±738","1,523,799","±7,789","67,494","±817","4,938,894","±14,403","71,597","±433","406,366","±4,030","76,820","±2,165","1,794,989","±10,191","59,927","±639","331,406","±2,992","64,346","±1,470","2,490,249","±12,758","62,157","±647","9,110,853","±20,640","73,422","±426","899,475","±5,032","75,223","±825","253,234","±2,792","69,770","±2,120","3,055,863","±11,608","86,618","±666","2,644,557","±11,069","78,093","±739","738,653","±5,969","55,787","±1,069","2,289,424","±8,727","67,292","±568","224,003","±3,223","71,780","±1,777","1,253,690","±9,187","30,247","±654"
"    With earnings","72.7%","±0.5","61,741","±786","86.9%","±0.8","84,481","±2,280","74.9%","±0.4","67,317","±832","73.1%","±0.6","57,709","±967","80.2%","±0.2","86,145","±370","82.5%","±0.4","77,446","±757","78.9%","±0.4","100,414","±1,595","77.5%","±0.7","76,529","±2,025","80.6%","±1.1","109,271","±3,518","71.9%","±0.2","66,331","±471","78.7%","±0.3","68,870","±696","80.9%","±0.7","82,773","±1,801","78.3%","±0.7","59,701","±1,417","78.8%","±0.2","80,830","±680","77.5%","±0.4","65,192","±744","79.1%","±0.4","68,041","±883","80.1%","±0.4","68,960","±1,284","73.0%","±0.5","61,793","±973","76.5%","±0.5","66,277","±902","74.9%","±0.7","62,735","±1,295","82.2%","±0.3","96,562","±872","78.6%","±0.3","96,455","±972","73.7%","±0.3","67,079","±592","80.6%","±0.3","80,075","±769","72.7%","±0.7","55,756","±1,011","76.7%","±0.3","64,743","±683","76.7%","±0.8","61,787","±1,537","81.8%","±0.5","66,949","±985","78.6%","±0.5","67,355","±1,250","80.6%","±0.7","82,133","±1,858","79.6%","±0.3","100,758","±903","74.3%","±0.7","60,663","±1,215","77.6%","±0.2","89,177","±721","76.5%","±0.2","65,418","±557","82.4%","±0.7","73,684","±1,701","75.7%","±0.3","67,319","±519","77.1%","±0.4","63,166","±755","76.0%","±0.4","66,891","±1,047","75.5%","±0.2","74,898","±549","76.9%","±0.9","79,007","±2,505","74.6%","±0.5","59,861","±742","81.5%","±0.7","62,481","±1,640","75.8%","±0.4","63,722","±663","82.6%","±0.2","73,984","±451","84.6%","±0.4","73,567","±842","77.5%","±1.0","69,841","±2,308","80.5%","±0.3","86,944","±667","78.5%","±0.4","79,507","±833","68.4%","±0.6","59,704","±1,218","78.2%","±0.3","68,309","±670","82.5%","±0.8","69,662","±1,875","57.0%","±0.5","36,530","±958"
"    With interest, dividends, or net rental income","16.6%","±0.4","12,976","±1,175","44.2%","±1.7","9,589","±1,821","20.0%","±0.4","18,015","±1,260","16.6%","±0.4","12,703","±1,578","21.9%","±0.1","24,483","±633","24.9%","±0.4","19,995","±1,605","27.9%","±0.5","21,810","±1,682","22.5%","±1.0","15,637","±2,809","23.1%","±1.2","20,779","±3,470","21.3%","±0.2","23,298","±952","16.6%","±0.3","14,909","±957","29.6%","±1.0","18,790","±2,874","22.1%","±0.8","13,995","±1,862","22.5%","±0.2","15,733","±814","19.4%","±0.3","12,411","±1,062","26.2%","±0.6","14,872","±1,169","24.1%","±0.6","14,851","±1,923","17.6%","±0.4","14,020","±1,758","16.9%","±0.4","15,844","±1,275","26.1%","±0.8","13,446","±1,609","24.2%","±0.4","16,718","±1,054","25.9%","±0.4","18,642","±1,133","21.6%","±0.2","12,736","±569","25.0%","±0.4","14,627","±984","12.8%","±0.5","11,915","±1,524","20.9%","±0.4","12,594","±769","27.9%","±0.9","15,681","±1,953","23.5%","±0.6","16,672","±1,700","16.8%","±0.4","20,083","±2,934","25.6%","±0.8","17,851","±2,487","25.0%","±0.4","17,658","±960","18.7%","±0.6","16,826","±2,294","22.2%","±0.2","18,762","±1,210","19.7%","±0.3","15,152","±913","26.9%","±1.0","19,214","±2,587","20.8%","±0.3","13,149","±866","19.0%","±0.3","14,482","±1,146","25.1%","±0.6","16,967","±1,287","24.7%","±0.2","12,669","±581","24.2%","±1.2","15,287","±2,470","18.6%","±0.4","16,184","±1,495","24.4%","±0.8","14,679","±1,538","18.1%","±0.3","15,230","±1,306","17.8%","±0.2","17,882","±766","21.3%","±0.5","14,733","±1,640","30.8%","±1.2","14,462","±1,723","24.8%","±0.3","15,334","±818","25.9%","±0.4","16,376","±1,077","18.2%","±0.6","10,774","±1,695","25.7%","±0.3","11,764","±725","24.4%","±1.3","15,741","±3,716","4.3%","±0.2","18,688","±4,568"
"    With Social Security income","34.6%","±0.4","16,670","±162","19.8%","±0.9","15,334","±568","32.1%","±0.3","18,303","±152","36.4%","±0.4","16,728","±189","26.2%","±0.1","16,897","±81","24.6%","±0.3","17,362","±193","30.3%","±0.4","18,646","±259","34.0%","±0.8","18,647","±440","18.9%","±0.8","14,520","±589","36.3%","±0.2","17,861","±93","27.4%","±0.3","16,861","±144","33.2%","±0.6","18,086","±370","30.7%","±0.5","17,202","±305","27.5%","±0.2","17,566","±135","30.6%","±0.3","17,902","±136","30.3%","±0.4","17,755","±170","29.1%","±0.4","17,792","±193","33.8%","±0.4","16,372","±165","29.0%","±0.4","15,358","±158","35.1%","±0.6","16,461","±265","26.3%","±0.3","17,674","±190","28.9%","±0.3","17,454","±135","33.6%","±0.2","18,330","±113","27.9%","±0.3","17,923","±140","33.3%","±0.6","15,647","±247","31.8%","±0.3","17,025","±149","31.9%","±0.6","17,159","±322","28.1%","±0.4","17,512","±283","28.3%","±0.5","17,347","±260","31.5%","±0.6","18,282","±375","29.8%","±0.3","18,943","±147","31.4%","±0.6","15,991","±281","29.6%","±0.2","17,604","±95","31.0%","±0.3","17,201","±112","26.2%","±0.7","16,387","±379","30.5%","±0.2","16,856","±102","30.7%","±0.4","16,791","±151","32.5%","±0.4","17,710","±209","33.6%","±0.2","17,848","±92","30.8%","±0.7","17,498","±482","33.6%","±0.4","17,634","±185","29.3%","±0.8","16,433","±367","32.7%","±0.3","17,201","±151","24.9%","±0.2","16,564","±88","24.1%","±0.4","17,951","±310","33.1%","±0.8","17,075","±362","28.3%","±0.3","17,624","±157","28.1%","±0.3","18,081","±144","38.8%","±0.6","17,189","±273","30.6%","±0.2","17,944","±145","27.4%","±0.9","17,467","±502","41.7%","±0.5","11,785","±136"
"    With Supplemental Security Income (SSI)","6.5%","±0.3","8,703","±245","4.1%","±0.7","8,659","±953","4.1%","±0.2","9,386","±276","7.0%","±0.3","8,780","±282","6.2%","±0.1","9,647","±87","3.4%","±0.2","9,414","±351","4.0%","±0.3","9,516","±367","4.4%","±0.5","10,879","±887","5.7%","±0.7","8,964","±526","5.0%","±0.1","9,195","±142","5.3%","±0.2","8,703","±195","4.3%","±0.4","8,339","±444","5.1%","±0.5","9,985","±539","4.7%","±0.1","9,674","±207","5.0%","±0.2","9,737","±244","4.2%","±0.2","9,652","±307","4.2%","±0.3","8,436","±324","7.7%","±0.3","8,454","±210","7.4%","±0.4","8,812","±230","6.6%","±0.5","9,736","±553","4.3%","±0.2","9,134","±248","6.3%","±0.3","9,627","±215","6.4%","±0.2","9,449","±195","3.8%","±0.2","9,430","±254","7.8%","±0.3","8,578","±271","5.2%","±0.2","8,805","±203","5.1%","±0.5","9,368","±502","3.7%","±0.2","8,675","±358","4.2%","±0.3","10,093","±416","4.3%","±0.4","9,631","±649","4.5%","±0.2","9,857","±254","5.9%","±0.4","9,196","±430","6.3%","±0.1","8,921","±128","4.9%","±0.1","8,788","±177","2.3%","±0.3","9,339","±1,116","5.8%","±0.2","9,043","±128","5.9%","±0.2","9,222","±214","4.5%","±0.3","9,364","±443","5.9%","±0.1","9,557","±175","6.9%","±0.7","10,026","±590","5.2%","±0.3","8,742","±293","4.4%","±0.6","8,955","±523","6.0%","±0.2","8,996","±192","5.0%","±0.1","8,640","±121","3.6%","±0.2","10,100","±571","6.2%","±0.7","9,305","±539","4.1%","±0.2","8,901","±233","4.6%","±0.2","9,431","±241","8.3%","±0.4","8,573","±300","4.6%","±0.2","9,474","±248","2.8%","±0.6","8,686","±859","0.5%","±0.1","9,323","±877"
"    With cash public assistance income","2.0%","±0.2","2,641","±237","6.9%","±0.9","4,136","±360","2.3%","±0.2","2,990","±215","2.5%","±0.2","3,285","±423","3.9%","±0.1","4,738","±105","2.1%","±0.1","3,516","±427","3.2%","±0.3","4,040","±393","2.6%","±0.4","2,868","±603","4.2%","±0.6","3,444","±386","2.3%","±0.1","2,749","±136","2.1%","±0.1","3,101","±222","4.0%","±0.4","3,904","±386","3.4%","±0.4","2,020","±244","2.6%","±0.1","3,392","±164","2.0%","±0.1","2,815","±245","2.6%","±0.2","2,556","±216","2.4%","±0.2","3,379","±375","2.5%","±0.2","2,863","±268","1.4%","±0.1","2,938","±319","4.2%","±0.4","2,595","±314","2.5%","±0.2","3,866","±330","3.2%","±0.2","4,168","±244","3.5%","±0.1","2,634","±97","3.5%","±0.2","2,849","±180","3.1%","±0.3","2,853","±282","2.5%","±0.1","2,742","±208","2.0%","±0.3","2,572","±377","2.1%","±0.2","2,578","±325","3.1%","±0.3","2,819","±318","2.8%","±0.4","2,671","±392","3.1%","±0.1","3,648","±184","2.8%","±0.3","3,008","±314","3.5%","±0.1","3,904","±119","2.0%","±0.1","2,972","±225","1.7%","±0.4","5,215","±2,301","3.2%","±0.1","2,945","±128","3.3%","±0.2","1,799","±141","4.0%","±0.2","3,411","±255","3.3%","±0.1","2,601","±123","2.8%","±0.4","3,297","±491","1.3%","±0.1","2,748","±373","3.0%","±0.4","2,230","±275","3.3%","±0.2","2,767","±170","1.7%","±0.1","2,781","±132","2.0%","±0.2","2,753","±352","4.8%","±0.6","2,485","±304","2.1%","±0.1","2,961","±246","4.0%","±0.2","2,807","±179","2.1%","±0.3","2,566","±507","2.3%","±0.1","3,007","±251","1.4%","±0.4","2,334","±447","7.0%","±0.3","2,167","±106"
"    With retirement income","21.1%","±0.4","21,964","±656","19.7%","±1.0","26,998","±1,778","19.6%","±0.3","24,337","±522","16.9%","±0.4","18,996","±590","15.6%","±0.2","28,688","±387","16.4%","±0.3","27,047","±691","17.8%","±0.4","26,581","±1,235","24.0%","±0.9","23,857","±1,688","14.5%","±0.7","38,449","±2,759","19.3%","±0.2","24,748","±365","16.5%","±0.3","24,641","±793","22.4%","±0.8","27,748","±1,369","18.0%","±0.7","21,488","±1,313","16.7%","±0.2","25,119","±426","18.7%","±0.3","17,046","±550","16.7%","±0.4","19,072","±919","16.2%","±0.4","20,319","±1,550","19.9%","±0.4","20,954","±729","15.8%","±0.4","22,126","±906","19.5%","±0.6","21,340","±1,567","20.2%","±0.4","30,678","±845","15.9%","±0.3","25,245","±717","22.5%","±0.2","21,413","±385","15.9%","±0.3","22,083","±573","18.3%","±0.5","19,520","±870","19.2%","±0.3","20,413","±612","18.4%","±0.8","21,188","±1,069","14.0%","±0.5","18,696","±737","18.0%","±0.5","26,344","±918","17.7%","±0.5","23,118","±1,400","17.6%","±0.3","26,048","±669","20.0%","±0.6","26,156","±886","17.6%","±0.2","25,332","±454","18.8%","±0.3","20,841","±503","11.4%","±0.8","18,082","±2,091","20.7%","±0.2","21,673","±472","16.7%","±0.4","20,041","±723","19.3%","±0.4","23,519","±654","20.1%","±0.2","19,825","±343","17.5%","±0.7","25,238","±1,971","20.6%","±0.3","21,966","±546","14.8%","±0.7","20,622","±1,491","18.4%","±0.3","20,188","±1,006","14.3%","±0.2","23,149","±430","15.6%","±0.4","24,824","±1,387","17.2%","±0.8","20,496","±1,319","21.3%","±0.3","28,454","±624","18.2%","±0.4","23,710","±472","23.3%","±0.7","17,893","±1,077","17.9%","±0.2","20,560","±507","18.5%","±1.1","22,086","±1,710","15.4%","±0.4","15,706","±1,122"
"FAMILY INCOME BY NUMBER OF WORKERS IN FAMILY","","","","","","","","","","","","","","","","","","","","","","","","","","","","","","","","","","","","","","","","","","","","","","","","","","","","","","","","","","","","","","","","","","","","","","","","","","","","","","","","","","","","","","","","","","","","","","","","","","","","","","","","","","","","","","","","","","","","","","","","","","","","","","","","","","","","","","","","","","","","","","","","","","","","","","","","","","","","","","","","","","","","","","","","","","","","","","","","","","","","","","","","","","","","","","","","","","","","","","","","","","","","","","","",""
"    All families","1,222,568","±14,007","70,447","±900","165,431","±3,617","101,544","±3,206","1,572,310","±12,708","76,117","±1,010","751,124","±10,710","65,578","±1,061","8,645,970","±31,516","95,232","±490","1,279,941","±10,970","93,036","±1,023","890,293","±9,252","118,345","±2,037","228,364","±4,558","89,016","±2,278","120,467","±4,214","126,862","±6,095","4,626,388","±25,285","76,713","±603","2,389,803","±16,893","77,789","±740","311,203","±4,720","97,904","±2,151","410,061","±6,537","70,027","±1,571","3,128,369","±16,865","92,356","±781","1,647,941","±12,570","74,596","±907","793,749","±7,802","82,025","±1,235","735,596","±7,493","82,863","±1,823","1,139,596","±10,907","70,000","±1,057","1,129,437","±12,269","74,454","±1,034","338,609","±6,098","74,950","±1,653","1,443,796","±11,656","111,628","±1,184","1,620,802","±11,444","109,890","±1,156","2,484,558","±15,688","77,747","±649","1,372,189","±10,600","93,216","±1,025","745,079","±9,844","61,720","±1,051","1,523,085","±12,213","75,392","±864","256,091","±4,820","76,361","±2,089","475,000","±5,447","81,433","±1,213","639,825","±9,575","76,978","±1,545","347,272","±6,740","96,438","±2,380","2,207,108","±15,690","113,025","±1,085","482,570","±8,454","70,661","±1,442","4,584,095","±23,648","98,773","±825","2,474,802","±16,886","75,719","±733","180,213","±4,276","91,184","±2,113","2,923,404","±17,892","78,384","±672","956,517","±8,198","72,908","±877","961,197","±8,560","78,773","±1,223","3,152,234","±16,466","86,481","±661","259,863","±5,566","92,001","±3,182","1,195,104","±11,860","69,898","±951","213,838","±4,685","77,110","±1,847","1,658,071","±14,416","73,274","±702","6,322,542","±26,601","83,479","±542","677,332","±6,098","83,170","±971","155,933","±3,601","85,480","±3,002","2,049,184","±16,114","100,149","±886","1,705,112","±13,920","91,304","±1,074","479,389","±7,296","66,169","±1,490","1,458,482","±10,630","81,109","±841","148,556","±4,206","82,527","±2,091","895,080","±9,229","33,638","±824"
"        No workers","18.9%","±0.5","37,115","±1,299","7.4%","±0.8","68,933","±16,024","19.9%","±0.5","45,886","±1,518","18.9%","±0.7","35,594","±1,590","13.5%","±0.2","48,922","±914","11.5%","±0.4","54,466","±2,601","12.4%","±0.4","53,847","±2,779","16.3%","±0.9","52,927","±4,490","15.0%","±1.7","34,591","±6,307","20.8%","±0.3","51,575","±1,198","15.2%","±0.3","40,657","±1,725","12.3%","±0.8","61,095","±8,210","14.5%","±0.7","44,575","±3,322","13.3%","±0.3","45,368","±1,284","14.9%","±0.4","37,801","±1,169","13.3%","±0.5","46,837","±2,113","12.3%","±0.5","43,796","±2,275","19.3%","±0.5","35,039","±1,052","15.9%","±0.5","30,844","±1,192","16.6%","±0.8","41,346","±2,452","10.8%","±0.4","52,472","±2,107","12.7%","±0.4","48,388","±2,752","18.1%","±0.3","43,810","±1,021","12.1%","±0.3","51,081","±2,027","19.2%","±0.8","29,665","±1,303","15.9%","±0.4","40,471","±1,335","15.1%","±0.9","47,317","±4,001","11.1%","±0.5","47,825","±3,035","14.9%","±0.6","47,814","±2,582","12.5%","±0.8","49,151","±3,386","12.4%","±0.3","51,030","±2,069","18.0%","±0.7","42,389","±2,478","14.1%","±0.2","42,906","±1,184","16.5%","±0.3","42,764","±1,144","10.7%","±0.8","48,606","±5,146","15.7%","±0.3","40,444","±1,310","15.8%","±0.4","39,003","±1,435","17.0%","±0.5","48,339","±2,236","15.6%","±0.3","41,375","±789","14.0%","±1.0","41,384","±3,698","17.9%","±0.5","41,450","±1,515","12.1%","±0.7","44,186","±3,673","16.8%","±0.4","40,171","±1,904","11.8%","±0.2","41,549","±863","10.1%","±0.5","50,016","±3,144","15.0%","±1.1","44,898","±3,547","12.9%","±0.3","50,472","±1,437","14.7%","±0.4","50,793","±1,850","23.1%","±0.8","36,123","±2,333","14.0%","±0.3","44,779","±1,455","11.2%","±1.0","49,372","±6,082","36.3%","±0.7","16,184","±1,209"
"        1 worker","36.3%","±0.6","59,073","±1,828","30.2%","±1.7","78,593","±6,045","35.9%","±0.6","63,458","±1,945","35.8%","±0.9","53,356","±1,927","34.5%","±0.3","76,019","±841","33.6%","±0.7","75,268","±1,869","31.3%","±0.8","99,513","±3,699","32.6%","±1.6","68,366","±3,878","36.9%","±2.1","86,829","±8,646","34.1%","±0.4","64,113","±1,059","36.6%","±0.5","62,285","±1,406","29.8%","±1.3","78,988","±4,224","33.7%","±1.3","59,541","±2,659","32.4%","±0.3","71,499","±1,355","33.5%","±0.6","58,684","±1,667","28.2%","±0.7","62,573","±2,355","31.6%","±0.7","67,411","±3,460","34.0%","±0.7","57,024","±1,896","37.7%","±0.6","57,834","±1,484","31.7%","±1.1","58,320","±2,906","31.2%","±0.6","82,496","±2,071","29.2%","±0.5","84,011","±2,350","33.4%","±0.4","61,537","±1,092","27.1%","±0.5","71,619","±1,764","37.0%","±0.9","49,123","±1,748","32.9%","±0.7","58,397","±1,439","31.3%","±1.3","61,506","±4,334","28.9%","±0.9","61,511","±2,377","35.9%","±1.0","61,813","±2,796","30.2%","±1.2","78,197","±4,156","32.5%","±0.5","88,997","±2,068","38.2%","±1.1","55,818","±2,410","33.7%","±0.3","76,770","±1,541","35.0%","±0.5","60,370","±1,300","27.0%","±1.4","70,362","±5,288","33.5%","±0.4","61,405","±1,290","35.3%","±0.7","59,076","±1,252","32.9%","±0.8","64,700","±1,852","31.6%","±0.4","68,810","±1,423","33.1%","±1.4","64,666","±3,699","36.3%","±0.7","55,873","±1,553","27.4%","±1.2","57,777","±3,538","35.2%","±0.6","59,710","±1,571","36.3%","±0.3","66,197","±850","32.4%","±0.8","71,071","±1,887","27.5%","±1.4","64,496","±3,782","32.2%","±0.5","77,700","±1,686","33.8%","±0.5","74,698","±1,914","36.0%","±1.0","54,797","±2,054","29.6%","±0.5","61,397","±1,522","29.1%","±1.8","60,450","±3,865","37.2%","±0.7","31,791","±1,062"
"        2 workers, husband and wife worked","28.9%","±0.6","98,370","±1,709","39.3%","±1.7","118,037","±4,183","27.0%","±0.5","106,418","±1,926","30.3%","±0.8","90,556","±2,189","28.0%","±0.2","134,574","±1,108","36.9%","±0.7","116,151","±1,821","33.6%","±0.7","150,411","±3,811","30.3%","±1.5","117,756","±4,512","30.4%","±1.5","222,455","±15,478","27.4%","±0.4","104,148","±1,156","30.6%","±0.5","108,163","±1,686","32.4%","±1.4","110,546","±3,632","35.0%","±1.3","85,603","±2,851","32.2%","±0.3","122,339","±1,643","33.2%","±0.6","98,304","±1,565","40.6%","±0.7","101,307","±1,934","38.1%","±0.8","101,485","±2,453","31.0%","±0.6","95,927","±1,878","28.7%","±0.6","108,517","±2,487","35.5%","±1.0","96,746","±3,101","33.1%","±0.6","148,691","±2,300","34.0%","±0.5","146,132","±2,279","29.8%","±0.4","106,345","±1,313","41.1%","±0.5","114,512","±1,689","26.9%","±0.8","92,751","±2,413","33.0%","±0.6","100,113","±1,771","37.5%","±1.4","94,904","±3,530","40.5%","±0.8","98,834","±1,779","28.9%","±0.9","101,930","±3,185","36.5%","±1.2","118,286","±3,909","30.1%","±0.4","151,575","±2,182","26.8%","±1.1","102,532","±2,918","28.6%","±0.3","140,843","±2,366","32.3%","±0.4","104,219","±1,444","44.5%","±1.5","107,267","±3,324","31.6%","±0.4","104,529","±1,133","32.3%","±0.7","97,686","±1,869","33.1%","±0.9","103,449","±2,544","32.1%","±0.4","114,922","±1,097","29.7%","±1.3","128,421","±5,920","29.3%","±0.7","98,391","±1,681","43.3%","±1.4","92,535","±3,201","30.5%","±0.6","98,946","±1,768","30.7%","±0.3","114,548","±1,232","34.0%","±0.8","91,904","±2,020","39.9%","±1.6","106,585","±4,798","34.4%","±0.5","132,221","±1,663","34.6%","±0.5","118,638","±1,940","26.6%","±0.9","94,693","±2,797","38.1%","±0.5","102,658","±1,433","43.9%","±2.0","100,287","±3,866","14.7%","±0.6","64,454","±3,003"
"        2 workers, other","8.8%","±0.4","65,816","±2,792","10.3%","±1.1","92,665","±8,846","8.6%","±0.4","69,342","±2,605","8.0%","±0.5","65,828","±4,524","11.2%","±0.2","79,920","±1,392","8.8%","±0.4","82,215","±5,517","9.5%","±0.5","103,608","±5,989","10.3%","±1.2","83,697","±11,814","12.1%","±1.5","94,426","±18,330","9.3%","±0.2","69,333","±1,651","8.9%","±0.3","71,202","±2,932","9.5%","±0.8","89,680","±7,244","7.5%","±0.6","65,255","±4,082","9.4%","±0.2","80,204","±2,310","8.5%","±0.3","64,342","±2,123","7.3%","±0.4","65,269","±2,910","7.8%","±0.5","74,848","±5,189","7.8%","±0.4","70,487","±4,331","9.7%","±0.5","72,268","±3,215","7.1%","±0.7","68,942","±6,222","11.4%","±0.4","92,871","±2,756","10.3%","±0.4","89,612","±3,946","8.7%","±0.2","68,764","±1,666","7.8%","±0.3","75,682","±2,542","9.4%","±0.6","57,732","±2,516","8.4%","±0.3","69,771","±2,802","6.2%","±0.7","65,529","±6,820","7.7%","±0.5","64,093","±3,338","10.1%","±0.6","70,150","±2,617","7.8%","±0.8","81,884","±8,363","10.7%","±0.3","98,390","±3,219","9.3%","±0.8","64,829","±3,311","11.0%","±0.3","86,300","±1,559","8.6%","±0.3","65,355","±2,280","7.3%","±0.9","73,681","±7,373","8.9%","±0.3","70,837","±2,051","8.6%","±0.4","67,418","±2,981","8.1%","±0.5","68,321","±3,731","9.1%","±0.2","76,522","±1,866","10.7%","±1.1","90,897","±17,331","8.9%","±0.4","63,550","±2,554","6.2%","±0.8","61,192","±5,896","8.6%","±0.3","66,842","±2,446","10.5%","±0.2","70,328","±1,319","9.2%","±0.5","82,043","±4,619","6.7%","±0.7","66,685","±5,976","9.4%","±0.3","85,625","±2,649","7.9%","±0.3","81,569","±2,924","7.2%","±0.5","67,845","±3,884","7.3%","±0.3","71,345","±3,133","7.3%","±1.1","71,768","±9,577","7.9%","±0.5","45,852","±2,967"
"        3 or more workers, husband and wife worked","5.5%","±0.3","117,645","±4,715","10.0%","±1.0","138,341","±6,067","6.3%","±0.3","118,626","±3,890","5.4%","±0.4","105,180","±3,796","8.6%","±0.2","133,964","±1,823","7.3%","±0.4","130,843","±4,104","10.4%","±0.5","161,494","±6,440","7.8%","±0.8","144,560","±7,622","3.6%","±0.8","217,795","±55,172","6.0%","±0.2","118,200","±2,989","6.3%","±0.3","115,810","±3,332","10.5%","±0.8","143,347","±5,614","7.9%","±0.6","94,444","±3,748","9.5%","±0.2","136,952","±2,614","8.1%","±0.3","118,402","±5,455","9.1%","±0.4","119,558","±4,693","8.5%","±0.4","118,355","±3,949","6.3%","±0.3","113,119","±3,866","5.8%","±0.4","129,550","±5,481","7.6%","±0.7","117,335","±4,768","9.8%","±0.3","163,558","±4,518","10.8%","±0.4","155,246","±3,550","8.0%","±0.2","122,229","±2,545","9.9%","±0.3","127,878","±2,429","5.7%","±0.4","104,872","±3,657","7.9%","±0.3","115,659","±3,169","7.7%","±0.6","107,142","±5,154","9.6%","±0.5","121,366","±6,669","7.4%","±0.5","116,329","±5,146","10.5%","±0.7","139,737","±7,976","10.4%","±0.3","162,221","±3,522","5.5%","±0.5","114,504","±7,053","8.7%","±0.1","146,335","±2,622","5.8%","±0.2","116,093","±3,232","9.0%","±1.0","131,209","±9,411","8.3%","±0.2","124,007","±2,683","6.2%","±0.3","111,999","±5,278","7.0%","±0.4","112,483","±4,111","9.2%","±0.2","130,104","±2,292","9.7%","±0.9","147,307","±8,848","5.6%","±0.3","109,511","±3,355","9.5%","±0.9","111,673","±7,199","6.7%","±0.4","113,413","±3,069","7.7%","±0.2","121,562","±2,060","11.2%","±0.5","114,641","±3,329","9.3%","±1.0","132,761","±18,934","8.5%","±0.3","144,018","±3,213","7.1%","±0.3","128,356","±3,081","5.6%","±0.5","119,654","±8,824","9.1%","±0.3","117,314","±1,954","6.6%","±0.9","123,219","±6,722","2.1%","±0.3","82,192","±7,569"
"        3 or more workers, other","1.7%","±0.2","80,140","±4,685","2.8%","±0.5","104,454","±16,268","2.3%","±0.2","87,833","±5,320","1.5%","±0.2","85,603","±10,127","4.3%","±0.1","100,802","±2,341","2.0%","±0.2","94,367","±4,970","2.8%","±0.3","118,751","±7,932","2.6%","±0.5","92,799","±13,390","2.1%","±0.6","133,991","±28,322","2.4%","±0.1","86,324","±3,182","2.4%","±0.2","86,850","±4,299","5.5%","±0.6","136,283","±8,755","1.5%","±0.3","81,824","±13,239","3.1%","±0.1","101,680","±4,994","1.8%","±0.2","89,970","±6,025","1.5%","±0.2","90,407","±8,200","1.8%","±0.2","92,911","±7,692","1.6%","±0.1","91,724","±11,419","2.2%","±0.2","94,560","±8,682","1.5%","±0.3","93,914","±16,204","3.6%","±0.2","118,218","±4,771","3.1%","±0.2","118,258","±8,058","2.1%","±0.1","90,594","±3,627","1.9%","±0.2","101,317","±7,824","1.7%","±0.3","83,482","±8,030","1.9%","±0.2","90,094","±6,318","2.2%","±0.4","94,282","±12,901","2.2%","±0.3","79,268","±6,645","2.8%","±0.3","89,460","±5,394","2.6%","±0.5","98,602","±8,589","3.8%","±0.2","122,261","±4,711","2.1%","±0.3","86,552","±7,186","4.0%","±0.2","111,802","±2,670","1.8%","±0.1","83,407","±5,617","1.5%","±0.4","140,887","±33,401","2.1%","±0.1","90,940","±4,125","1.9%","±0.2","86,548","±6,503","2.0%","±0.2","84,675","±8,092","2.4%","±0.1","100,721","±3,653","2.7%","±0.5","94,895","±12,791","2.1%","±0.2","80,016","±3,929","1.4%","±0.4","99,081","±23,744","2.1%","±0.2","90,531","±8,168","3.1%","±0.1","88,279","±2,674","3.1%","±0.3","111,300","±8,183","1.6%","±0.4","104,391","±15,354","2.6%","±0.2","108,851","±4,640","1.9%","±0.2","103,286","±6,759","1.5%","±0.3","88,989","±7,722","1.9%","±0.2","87,499","±4,618","1.9%","±0.7","104,616","±19,236","1.9%","±0.2","60,981","±3,880"
"PER CAPITA INCOME BY RACE AND HISPANIC OR LATINO ORIGIN","","","","","","","","","","","","","","","","","","","","","","","","","","","","","","","","","","","","","","","","","","","","","","","","","","","","","","","","","","","","","","","","","","","","","","","","","","","","","","","","","","","","","","","","","","","","","","","","","","","","","","","","","","","","","","","","","","","","","","","","","","","","","","","","","","","","","","","","","","","","","","","","","","","","","","","","","","","","","","","","","","","","","","","","","","","","","","","","","","","","","","","","","","","","","","","","","","","","","","","","","","","","","","","",""
"    Total population","4,833,722","*****","23,384","±260","735,132","*****","32,474","±804","6,626,624","*****","25,164","±272","2,959,373","*****","21,927","±327","38,332,521","*****","29,513","±122","5,268,367","*****","31,421","±362","3,596,080","*****","37,726","±552","925,749","*****","29,484","±656","646,449","*****","45,477","±1,235","19,552,860","*****","25,834","±159","9,992,167","*****","24,923","±219","1,404,054","*****","29,577","±558","1,612,136","*****","22,652","±499","12,882,135","*****","29,856","±223","6,570,902","*****","24,796","±258","3,090,416","*****","27,740","±333","2,893,957","*****","27,175","±498","4,395,295","*****","23,668","±325","4,625,470","*****","24,695","±334","1,328,302","*****","26,630","±498","5,928,814","*****","36,177","±299","6,692,824","*****","35,879","±338","9,895,622","*****","25,918","±198","5,420,380","*****","31,358","±279","2,991,207","*****","20,156","±323","6,044,171","*****","25,384","±245","1,015,165","*****","26,054","±593","1,868,516","*****","27,093","±394","2,790,136","*****","25,918","±459","1,323,459","*****","33,269","±632","8,899,339","*****","35,728","±278","2,085,287","*****","23,334","±346","19,651,127","*****","32,514","±275","9,848,060","*****","25,377","±210","723,393","*****","30,855","±726","11,570,808","*****","26,354","±194","3,850,568","*****","24,284","±270","3,930,065","*****","27,048","±333","12,773,801","*****","28,647","±173","1,051,511","*****","30,748","±836","4,774,839","*****","23,687","±278","844,877","*****","25,860","±536","6,495,978","*****","24,678","±259","26,448,193","*****","26,327","±145","2,900,872","*****","24,250","±270","626,630","*****","29,136","±858","8,260,405","*****","33,145","±231","6,971,406","*****","30,672","±283","1,854,304","*****","23,159","±440","5,742,713","*****","27,448","±215","582,658","*****","28,889","±772","3,615,086","*****","11,208","±205"
"        One race--","","","","","","","","","","","","","","","","","","","","","","","","","","","","","","","","","","","","","","","","","","","","","","","","","","","","","","","","","","","","","","","","","","","","","","","","","","","","","","","","","","","","","","","","","","","","","","","","","","","","","","","","","","","","","","","","","","","","","","","","","","","","","","","","","","","","","","","","","","","","","","","","","","","","","","","","","","","","","","","","","","","","","","","","","","","","","","","","","","","","","","","","","","","","","","","","","","","","","","","","","","","","","","","",""
"            White","68.9%","±0.2","26,701","±338","66.4%","±0.4","38,553","±965","79.0%","±0.3","27,407","±324","77.9%","±0.2","24,153","±391","61.9%","±0.2","33,346","±191","83.8%","±0.3","33,560","±414","77.3%","±0.3","42,180","±667","68.9%","±0.5","32,274","±821","40.9%","±0.7","73,229","±2,561","76.2%","±0.1","28,603","±200","60.4%","±0.2","29,426","±324","25.6%","±0.3","39,122","±1,220","91.5%","±0.4","23,377","±555","72.7%","±0.2","33,613","±265","84.2%","±0.2","26,427","±285","91.4%","±0.2","28,848","±357","85.6%","±0.3","28,776","±586","87.7%","±0.1","24,593","±361","62.9%","±0.2","29,937","±422","94.9%","±0.1","27,167","±518","57.6%","±0.2","42,348","±491","79.6%","±0.2","39,079","±385","79.1%","±0.1","28,011","±199","84.8%","±0.1","33,810","±276","59.0%","±0.2","24,861","±477","82.8%","±0.1","27,096","±277","89.1%","±0.2","27,583","±632","88.3%","±0.3","28,486","±428","68.3%","±0.6","29,277","±667","93.4%","±0.3","33,976","±664","68.2%","±0.3","39,801","±384","75.3%","±0.6","25,795","±480","64.6%","±0.1","38,371","±383","69.2%","±0.2","29,105","±292","89.0%","±0.2","32,912","±834","82.5%","±0.1","28,140","±206","73.1%","±0.2","27,216","±327","85.8%","±0.3","28,486","±366","81.6%","±0.1","30,952","±191","80.5%","±0.6","34,122","±1,015","67.2%","±0.2","27,594","±366","85.1%","±0.3","28,363","±612","77.9%","±0.2","26,736","±313","75.0%","±0.2","28,138","±176","87.4%","±0.4","25,537","±296","95.0%","±0.1","29,746","±869","69.3%","±0.1","36,973","±315","78.0%","±0.2","32,833","±339","93.7%","±0.1","23,564","±461","86.6%","±0.2","29,221","±257","90.7%","±0.7","30,135","±829","71.8%","±0.6","11,596","±261"
"            Black or African American","26.6%","±0.1","15,772","±328","3.4%","±0.3","28,777","±6,680","4.2%","±0.1","19,005","±903","15.7%","±0.1","13,659","±406","5.9%","±0.1","23,008","±545","4.0%","±0.1","21,180","±1,244","10.3%","±0.2","21,448","±863","21.6%","±0.5","23,099","±1,403","48.8%","±0.5","23,845","±1,118","16.1%","±0.1","15,624","±277","31.0%","±0.1","17,802","±281","2.2%","±0.2","28,878","±3,747","0.6%","±0.1","18,500","±8,688","14.2%","±0.1","17,578","±346","9.2%","±0.1","16,060","±608","3.3%","±0.1","14,076","±1,830","5.8%","±0.1","17,299","±801","8.0%","±0.1","17,128","±724","32.3%","±0.1","15,340","±446","1.0%","±0.1","16,291","±6,388","29.6%","±0.2","27,858","±372","7.1%","±0.1","21,382","±724","13.9%","±0.1","16,949","±470","5.4%","±0.1","16,524","±1,286","37.7%","±0.2","13,334","±374","11.5%","±0.1","16,692","±436","0.3%","±0.1","18,193","±6,442","4.6%","±0.2","16,698","±1,281","8.4%","±0.2","18,862","±1,404","1.2%","±0.2","25,859","±9,638","13.7%","±0.1","23,079","±456","2.0%","±0.1","21,869","±3,603","15.7%","±0.1","21,118","±271","21.5%","±0.1","17,359","±307","1.5%","±0.3","13,489","±3,259","12.1%","±0.1","17,154","±408","7.2%","±0.1","16,459","±576","1.8%","±0.1","17,620","±2,084","11.0%","±0.1","17,667","±477","6.4%","±0.5","16,015","±1,681","27.6%","±0.1","15,627","±381","1.5%","±0.2","13,681","±3,160","17.0%","±0.1","16,946","±369","11.9%","±0.1","20,318","±351","1.1%","±0.1","15,835","±2,411","1.1%","±0.2","15,323","±3,911","19.3%","±0.1","22,215","±411","3.7%","±0.1","22,619","±1,303","3.4%","±0.2","17,867","±2,126","6.2%","±0.1","14,518","±690","1.3%","±0.2","16,771","±3,052","7.8%","±0.3","10,416","±536"
"            American Indian and Alaska Native","0.5%","±0.1","23,044","±3,712","14.3%","±0.5","17,901","±1,593","4.4%","±0.1","12,863","±602","0.6%","±0.1","19,553","±3,851","0.7%","±0.1","20,337","±1,057","0.8%","±0.1","19,761","±2,642","0.2%","±0.1","17,983","±3,145","0.4%","±0.1","16,084","±4,304","0.2%","±0.1","38,404","±15,581","0.3%","±0.1","20,626","±2,378","0.2%","±0.1","20,010","±3,259","0.2%","±0.1","28,004","±7,959","1.2%","±0.1","14,080","±2,474","0.2%","±0.1","21,887","±4,555","0.2%","±0.1","18,221","±2,446","0.2%","±0.1","15,855","±3,620","0.8%","±0.1","23,168","±3,770","0.2%","±0.1","15,371","±3,264","0.6%","±0.1","19,069","±2,954","0.6%","±0.1","15,776","±2,866","0.3%","±0.1","22,537","±4,299","0.2%","±0.1","19,637","±2,886","0.5%","±0.1","17,449","±1,444","1.1%","±0.1","16,146","±1,359","0.4%","±0.1","8,375","±1,517","0.4%","±0.1","21,537","±4,098","6.8%","±0.3","11,569","±987","0.8%","±0.1","12,510","±2,402","1.1%","±0.1","17,042","±1,604","0.2%","±0.1","17,247","±4,607","0.2%","±0.1","16,064","±2,154","9.1%","±0.2","12,248","±635","0.4%","±0.1","18,433","±2,332","1.1%","±0.1","14,540","±922","5.6%","±0.3","13,687","±1,228","0.2%","±0.1","16,923","±2,117","7.5%","±0.2","16,874","±784","1.1%","±0.1","16,478","±2,033","0.2%","±0.1","19,372","±3,903","0.4%","±0.1","19,497","±7,241","0.3%","±0.1","17,962","±3,089","8.5%","±0.3","10,230","±866","0.2%","±0.1","20,185","±3,032","0.4%","±0.1","19,891","±1,359","1.1%","±0.1","16,274","±2,839","0.3%","±0.1","16,867","±6,906","0.2%","±0.1","27,260","±3,933","1.4%","±0.1","19,349","±2,050","0.1%","±0.1","14,971","±7,811","0.9%","±0.1","17,207","±1,679","2.3%","±0.3","15,132","±2,262","0.4%","±0.1","8,451","±2,344"
"            Asian","1.2%","±0.1","26,176","±3,016","5.7%","±0.3","24,179","±2,395","2.9%","±0.1","30,161","±1,905","1.3%","±0.1","24,927","±3,409","13.6%","±0.1","33,336","±358","2.9%","±0.1","29,833","±2,092","4.1%","±0.1","39,607","±3,058","3.6%","±0.1","38,991","±4,457","3.6%","±0.2","46,185","±5,462","2.6%","±0.1","27,775","±1,197","3.6%","±0.1","26,739","±1,262","37.8%","±0.8","31,843","±874","1.5%","±0.1","23,922","±3,916","4.9%","±0.1","33,636","±1,180","1.8%","±0.1","28,435","±4,319","2.1%","±0.1","25,738","±2,232","2.5%","±0.1","25,370","±2,820","1.2%","±0.1","28,871","±3,541","1.6%","±0.1","24,172","±3,453","1.1%","±0.1","27,146","±5,762","6.0%","±0.1","37,973","±1,645","5.8%","±0.1","35,200","±1,322","2.7%","±0.1","29,796","±1,500","4.3%","±0.1","24,367","±1,222","0.9%","±0.1","23,345","±4,814","1.7%","±0.1","27,005","±2,434","0.6%","±0.1","24,851","±4,976","2.0%","±0.1","25,383","±3,025","7.7%","±0.2","26,324","±1,295","2.4%","±0.1","28,568","±3,525","9.0%","±0.1","42,519","±1,137","1.4%","±0.1","26,309","±3,361","7.9%","±0.1","31,300","±844","2.4%","±0.1","27,594","±1,344","1.3%","±0.2","18,505","±5,155","1.8%","±0.1","33,279","±1,951","1.9%","±0.1","22,056","±1,995","3.9%","±0.1","27,852","±1,823","3.0%","±0.1","28,563","±1,331","3.2%","±0.2","25,878","±3,478","1.4%","±0.1","23,768","±3,017","1.1%","±0.1","15,459","±6,252","1.5%","±0.1","29,456","±3,163","4.1%","±0.1","33,008","±1,083","2.2%","±0.1","25,983","±2,912","1.2%","±0.2","27,952","±9,418","5.9%","±0.1","36,559","±1,094","7.7%","±0.1","32,030","±1,166","0.6%","±0.1","29,699","±6,869","2.5%","±0.1","25,098","±1,829","1.0%","±0.2","21,017","±8,447","0.3%","±0.1","8,359","±2,188"
"            Native Hawaiian and Other Pacific Islander","0.0%","±0.1","21,077","±6,849","1.2%","±0.1","14,277","±2,185","0.2%","±0.1","14,745","±3,753","0.0%","±0.1","21,048","±10,544","0.4%","±0.1","20,648","±1,565","0.2%","±0.1","18,463","±5,620","0.0%","±0.1","N","N","0.1%","±0.1","38,521","±26,287","0.0%","±0.1","N","N","0.0%","±0.1","21,296","±6,101","0.0%","±0.1","17,572","±4,502","9.8%","±0.4","19,859","±1,516","0.1%","±0.1","9,892","±3,411","0.0%","±0.1","31,698","±7,613","0.0%","±0.1","20,074","±15,451","0.1%","±0.1","12,208","±6,456","0.0%","±0.1","13,742","±4,241","0.0%","±0.1","17,201","±9,061","0.0%","±0.1","N","N","0.0%","±0.1","N","N","0.1%","±0.1","24,600","±7,250","0.0%","±0.1","29,732","±9,994","0.0%","±0.1","41,807","±23,581","0.0%","±0.1","13,885","±6,761","0.0%","±0.1","N","N","0.1%","±0.1","33,407","±28,917","0.0%","±0.1","25,949","±10,162","0.1%","±0.1","24,384","±21,702","0.7%","±0.1","16,778","±2,418","0.0%","±0.1","N","N","0.0%","±0.1","25,951","±11,570","0.1%","±0.1","16,950","±5,459","0.1%","±0.1","28,417","±14,707","0.1%","±0.1","16,851","±4,810","0.1%","±0.1","N","N","0.0%","±0.1","25,317","±9,909","0.1%","±0.1","16,638","±5,520","0.4%","±0.1","15,418","±2,914","0.0%","±0.1","21,909","±14,613","0.1%","±0.1","N","N","0.1%","±0.1","N","N","0.0%","±0.1","N","N","0.0%","±0.1","17,269","±6,766","0.1%","±0.1","19,985","±3,878","0.9%","±0.1","13,463","±2,038","0.0%","±0.1","N","N","0.1%","±0.1","33,684","±10,861","0.6%","±0.1","20,864","±7,684","0.1%","±0.1","8,672","±8,299","0.0%","±0.1","22,213","±7,063","0.0%","±0.1","32,691","±11,809","0.0%","±0.1","N","N"
"            Some other race","1.1%","±0.1","12,957","±1,456","1.3%","±0.3","27,213","±7,267","6.2%","±0.3","13,492","±568","2.3%","±0.2","11,335","±1,202","12.9%","±0.2","14,757","±175","4.8%","±0.3","16,432","±931","5.2%","±0.3","15,157","±1,009","2.5%","±0.4","16,939","±2,668","3.4%","±0.7","27,052","±8,291","2.5%","±0.1","16,144","±824","2.7%","±0.2","12,721","±1,221","1.0%","±0.2","31,309","±7,481","2.6%","±0.4","12,469","±1,745","5.7%","±0.2","15,185","±646","2.5%","±0.1","12,068","±742","1.2%","±0.2","13,000","±1,382","1.9%","±0.2","13,934","±1,125","0.9%","±0.1","12,858","±1,504","1.0%","±0.1","17,488","±2,514","0.3%","±0.1","14,484","±3,997","3.6%","±0.2","17,387","±784","4.3%","±0.2","14,866","±879","1.0%","±0.1","14,811","±1,498","1.6%","±0.1","12,999","±1,268","0.8%","±0.1","11,572","±2,698","1.1%","±0.1","14,224","±2,164","0.5%","±0.1","21,733","±10,831","1.9%","±0.3","14,770","±1,662","9.6%","±0.6","14,012","±768","0.8%","±0.2","18,714","±4,646","6.5%","±0.3","17,312","±686","8.9%","±0.6","16,532","±1,133","8.5%","±0.2","15,500","±402","3.3%","±0.2","11,438","±542","0.6%","±0.2","18,864","±4,584","0.8%","±0.1","16,608","±1,687","2.7%","±0.2","15,169","±1,602","2.8%","±0.2","13,407","±1,144","2.1%","±0.1","12,871","±733","6.9%","±0.7","14,878","±1,602","1.5%","±0.1","12,230","±1,141","0.8%","±0.2","15,462","±2,160","1.4%","±0.1","14,142","±2,556","6.0%","±0.2","15,651","±473","4.8%","±0.4","12,721","±830","0.3%","±0.1","18,819","±5,952","2.0%","±0.1","18,305","±1,184","3.7%","±0.2","14,464","±942","0.3%","±0.1","12,847","±5,392","1.7%","±0.1","13,212","±1,043","1.9%","±0.5","20,774","±4,825","10.7%","±0.4","9,712","±812"
"        Two or more races","1.7%","±0.1","12,953","±1,483","7.7%","±0.7","18,740","±1,856","3.2%","±0.2","13,288","±993","2.2%","±0.2","11,776","±1,455","4.5%","±0.1","18,452","±578","3.6%","±0.2","17,254","±1,096","2.9%","±0.2","16,056","±2,387","2.9%","±0.5","11,118","±2,328","3.2%","±0.5","40,080","±9,089","2.3%","±0.1","14,584","±855","2.1%","±0.1","13,721","±1,176","23.5%","±0.8","19,590","±1,054","2.4%","±0.3","11,291","±1,742","2.2%","±0.1","15,598","±1,227","2.2%","±0.1","10,705","±1,391","1.7%","±0.2","10,341","±1,389","3.3%","±0.2","13,309","±1,427","2.0%","±0.2","11,759","±1,145","1.7%","±0.1","12,923","±1,372","2.1%","±0.2","12,140","±1,725","2.9%","±0.2","19,414","±1,511","3.0%","±0.1","17,366","±1,378","2.7%","±0.1","12,651","±962","2.7%","±0.1","12,828","±1,187","1.1%","±0.1","10,021","±2,139","2.5%","±0.1","12,583","±1,263","2.6%","±0.3","13,468","±3,295","2.3%","±0.2","11,144","±1,476","4.2%","±0.2","15,587","±1,363","1.9%","±0.2","17,356","±3,667","2.4%","±0.1","18,217","±1,123","3.3%","±0.3","15,896","±1,753","2.9%","±0.1","18,653","±1,176","2.4%","±0.1","12,006","±798","2.0%","±0.3","12,032","±3,012","2.6%","±0.1","11,195","±920","7.5%","±0.2","14,559","±560","4.2%","±0.2","14,117","±1,140","2.1%","±0.1","12,917","±1,127","2.6%","±0.4","12,657","±2,627","1.9%","±0.1","12,195","±1,947","2.9%","±0.4","11,553","±2,299","1.9%","±0.1","14,162","±2,824","2.4%","±0.1","16,353","±731","2.4%","±0.2","11,178","±1,634","2.1%","±0.2","13,119","±3,827","3.3%","±0.1","19,577","±1,414","4.9%","±0.2","16,792","±998","1.8%","±0.2","13,155","±1,886","2.1%","±0.1","11,271","±1,044","2.7%","±0.4","13,637","±2,896","9.0%","±0.4","10,804","±887"
"Hispanic or Latino origin (of any race)","3.9%","±0.1","12,588","±967","6.6%","*****","24,588","±2,745","30.3%","*****","13,783","±279","6.9%","±0.1","11,436","±771","38.4%","*****","15,650","±118","21.0%","*****","15,987","±306","14.7%","*****","17,531","±959","8.7%","*****","15,527","±1,420","10.1%","*****","34,017","±5,103","23.6%","*****","18,591","±304","9.1%","±0.1","13,598","±557","9.8%","*****","19,422","±1,243","11.8%","*****","12,451","±584","16.4%","±0.1","16,346","±395","6.4%","±0.1","14,836","±1,999","5.4%","±0.1","14,726","±948","11.1%","±0.1","13,640","±565","3.3%","±0.1","14,094","±1,187","4.7%","±0.1","19,164","±1,139","1.4%","±0.1","15,295","±3,039","9.0%","±0.1","21,901","±770","10.5%","*****","17,288","±724","4.7%","±0.1","14,887","±511","4.9%","±0.1","15,291","±830","2.7%","±0.1","13,417","±1,704","3.8%","±0.1","15,266","±967","3.3%","±0.1","15,877","±3,333","9.8%","±0.1","12,436","±693","27.5%","*****","14,928","±491","3.2%","±0.1","18,399","±2,831","18.9%","*****","19,757","±350","47.3%","*****","16,913","±462","18.4%","±0.1","18,258","±263","8.8%","±0.1","12,846","±395","2.4%","±0.1","14,832","±2,678","3.3%","±0.1","16,459","±956","9.6%","*****","13,344","±563","12.3%","*****","13,236","±671","6.3%","±0.1","14,939","±477","13.6%","*****","13,643","±944","5.3%","±0.1","13,572","±773","3.2%","±0.1","14,609","±1,758","4.8%","±0.1","14,574","±2,561","38.4%","±0.1","15,461","±136","13.4%","*****","13,741","±468","1.5%","±0.1","18,993","±4,331","8.6%","±0.1","21,293","±677","11.9%","±0.1","15,435","±564","1.4%","±0.1","13,561","±2,237","6.3%","±0.1","13,633","±699","8.9%","±0.2","17,724","±1,547","99.1%","±0.1","11,123","±199"
"White alone, not Hispanic or Latino","66.3%","±0.1","27,223","±340","62.5%","±0.1","39,343","±1,028","56.6%","±0.1","32,620","±426","73.6%","±0.1","24,879","±402","38.8%","±0.1","43,460","±283","69.1%","±0.1","37,217","±511","69.3%","±0.1","44,660","±717","64.0%","±0.1","33,536","±860","35.6%","±0.1","78,379","±2,761","56.2%","±0.1","31,940","±245","54.6%","±0.1","31,025","±329","23.0%","±0.1","40,664","±1,287","83.2%","±0.1","24,430","±571","62.7%","±0.1","36,216","±297","80.6%","±0.1","26,849","±256","87.5%","±0.1","29,440","±355","77.1%","±0.1","30,430","±623","85.7%","±0.1","24,831","±371","59.5%","±0.1","30,460","±434","93.9%","±0.1","27,282","±518","53.2%","±0.1","43,718","±529","74.6%","±0.1","40,342","±380","75.9%","±0.1","28,528","±206","81.9%","±0.1","34,390","±277","57.4%","±0.1","25,180","±485","80.4%","±0.1","27,411","±290","87.0%","±0.1","27,845","±657","81.0%","±0.1","29,987","±471","52.1%","±0.1","33,483","±772","91.4%","±0.2","34,316","±676","57.3%","±0.1","43,249","±426","39.3%","±0.1","33,528","±811","56.9%","±0.1","40,541","±432","64.2%","±0.1","30,259","±321","87.4%","±0.1","33,247","±846","80.3%","±0.1","28,433","±210","67.4%","±0.1","28,370","±344","77.3%","±0.1","30,105","±401","78.2%","±0.1","31,530","±200","74.6%","±0.3","35,651","±1,055","63.8%","±0.1","28,295","±388","83.4%","±0.1","28,599","±621","74.8%","±0.1","27,210","±305","43.9%","±0.1","37,032","±280","79.5%","±0.1","26,576","±315","94.0%","±0.1","29,826","±869","63.5%","±0.1","38,305","±313","70.9%","±0.1","34,509","±359","92.6%","±0.1","23,675","±458","82.5%","±0.1","29,965","±265","84.7%","±0.4","31,017","±876","0.6%","±0.1","24,519","±5,338"
"PERCENT IMPUTED","","","","","","","","","","","","","","","","","","","","","","","","","","","","","","","","","","","","","","","","","","","","","","","","","","","","","","","","","","","","","","","","","","","","","","","","","","","","","","","","","","","","","","","","","","","","","","","","","","","","","","","","","","","","","","","","","","","","","","","","","","","","","","","","","","","","","","","","","","","","","","","","","","","","","","","","","","","","","","","","","","","","","","","","","","","","","","","","","","","","","","","","","","","","","","","","","","","","","","","","","","","","","","","",""
"    Household income in the past 12 months","33.9%","(X)","(X)","(X)","28.9%","(X)","(X)","(X)","32.6%","(X)","(X)","(X)","29.8%","(X)","(X)","(X)","32.4%","(X)","(X)","(X)","27.7%","(X)","(X)","(X)","31.7%","(X)","(X)","(X)","34.6%","(X)","(X)","(X)","31.5%","(X)","(X)","(X)","35.1%","(X)","(X)","(X)","34.7%","(X)","(X)","(X)","33.9%","(X)","(X)","(X)","30.0%","(X)","(X)","(X)","32.0%","(X)","(X)","(X)","28.0%","(X)","(X)","(X)","28.2%","(X)","(X)","(X)","28.6%","(X)","(X)","(X)","29.8%","(X)","(X)","(X)","35.6%","(X)","(X)","(X)","25.9%","(X)","(X)","(X)","32.1%","(X)","(X)","(X)","32.9%","(X)","(X)","(X)","30.0%","(X)","(X)","(X)","25.7%","(X)","(X)","(X)","32.8%","(X)","(X)","(X)","29.7%","(X)","(X)","(X)","30.5%","(X)","(X)","(X)","26.4%","(X)","(X)","(X)","34.2%","(X)","(X)","(X)","27.1%","(X)","(X)","(X)","34.2%","(X)","(X)","(X)","29.5%","(X)","(X)","(X)","36.9%","(X)","(X)","(X)","30.0%","(X)","(X)","(X)","29.9%","(X)","(X)","(X)","28.6%","(X)","(X)","(X)","32.5%","(X)","(X)","(X)","26.0%","(X)","(X)","(X)","31.4%","(X)","(X)","(X)","34.0%","(X)","(X)","(X)","34.5%","(X)","(X)","(X)","27.8%","(X)","(X)","(X)","30.5%","(X)","(X)","(X)","31.4%","(X)","(X)","(X)","28.3%","(X)","(X)","(X)","26.8%","(X)","(X)","(X)","30.2%","(X)","(X)","(X)","26.5%","(X)","(X)","(X)","31.2%","(X)","(X)","(X)","27.2%","(X)","(X)","(X)","29.1%","(X)","(X)","(X)","27.5%","(X)","(X)","(X)"
"    Family income in the past 12 months","34.3%","(X)","(X)","(X)","30.0%","(X)","(X)","(X)","33.3%","(X)","(X)","(X)","30.7%","(X)","(X)","(X)","33.2%","(X)","(X)","(X)","28.0%","(X)","(X)","(X)","32.1%","(X)","(X)","(X)","34.4%","(X)","(X)","(X)","35.4%","(X)","(X)","(X)","35.3%","(X)","(X)","(X)","35.6%","(X)","(X)","(X)","35.1%","(X)","(X)","(X)","30.2%","(X)","(X)","(X)","32.6%","(X)","(X)","(X)","27.8%","(X)","(X)","(X)","27.5%","(X)","(X)","(X)","28.4%","(X)","(X)","(X)","29.7%","(X)","(X)","(X)","36.7%","(X)","(X)","(X)","26.2%","(X)","(X)","(X)","32.9%","(X)","(X)","(X)","33.5%","(X)","(X)","(X)","30.0%","(X)","(X)","(X)","25.2%","(X)","(X)","(X)","33.9%","(X)","(X)","(X)","30.4%","(X)","(X)","(X)","31.0%","(X)","(X)","(X)","26.4%","(X)","(X)","(X)","34.9%","(X)","(X)","(X)","27.2%","(X)","(X)","(X)","34.8%","(X)","(X)","(X)","30.6%","(X)","(X)","(X)","38.9%","(X)","(X)","(X)","30.8%","(X)","(X)","(X)","29.0%","(X)","(X)","(X)","29.0%","(X)","(X)","(X)","33.0%","(X)","(X)","(X)","26.1%","(X)","(X)","(X)","31.5%","(X)","(X)","(X)","33.7%","(X)","(X)","(X)","35.0%","(X)","(X)","(X)","28.1%","(X)","(X)","(X)","30.8%","(X)","(X)","(X)","32.4%","(X)","(X)","(X)","28.1%","(X)","(X)","(X)","26.4%","(X)","(X)","(X)","30.4%","(X)","(X)","(X)","26.9%","(X)","(X)","(X)","31.2%","(X)","(X)","(X)","26.7%","(X)","(X)","(X)","28.5%","(X)","(X)","(X)","28.9%","(X)","(X)","(X)"
"    Individual income in the past 12 months","27.0%","(X)","(X)","(X)","23.2%","(X)","(X)","(X)","26.2%","(X)","(X)","(X)","23.8%","(X)","(X)","(X)","25.1%","(X)","(X)","(X)","22.7%","(X)","(X)","(X)","25.9%","(X)","(X)","(X)","27.7%","(X)","(X)","(X)","28.1%","(X)","(X)","(X)","28.4%","(X)","(X)","(X)","27.2%","(X)","(X)","(X)","28.6%","(X)","(X)","(X)","23.4%","(X)","(X)","(X)","25.4%","(X)","(X)","(X)","22.4%","(X)","(X)","(X)","23.2%","(X)","(X)","(X)","22.5%","(X)","(X)","(X)","23.5%","(X)","(X)","(X)","28.2%","(X)","(X)","(X)","20.8%","(X)","(X)","(X)","26.3%","(X)","(X)","(X)","27.4%","(X)","(X)","(X)","23.9%","(X)","(X)","(X)","21.1%","(X)","(X)","(X)","25.8%","(X)","(X)","(X)","24.5%","(X)","(X)","(X)","25.7%","(X)","(X)","(X)","21.1%","(X)","(X)","(X)","27.1%","(X)","(X)","(X)","21.2%","(X)","(X)","(X)","27.2%","(X)","(X)","(X)","23.5%","(X)","(X)","(X)","30.4%","(X)","(X)","(X)","23.8%","(X)","(X)","(X)","24.4%","(X)","(X)","(X)","23.1%","(X)","(X)","(X)","26.2%","(X)","(X)","(X)","20.8%","(X)","(X)","(X)","25.7%","(X)","(X)","(X)","27.9%","(X)","(X)","(X)","27.5%","(X)","(X)","(X)","22.6%","(X)","(X)","(X)","24.1%","(X)","(X)","(X)","24.5%","(X)","(X)","(X)","21.5%","(X)","(X)","(X)","21.6%","(X)","(X)","(X)","23.8%","(X)","(X)","(X)","21.2%","(X)","(X)","(X)","25.3%","(X)","(X)","(X)","22.3%","(X)","(X)","(X)","24.5%","(X)","(X)","(X)","20.6%","(X)","(X)","(X)"